Target,MAE,MSE,R2
PowerConsumption_Zone1,3233.347418835596,21229328.081064057,0.5807998693575749
PowerConsumption_Zone2,2402.398713570702,11403033.88466193,0.5728583954498845
PowerConsumption_Zone3,2492.3020881304797,12614946.208337693,0.7177931504712664
