Target,MAE,MSE,R2
PowerConsumption_Zone1,3315.4662106040955,22117661.88213221,0.566951886214567
PowerConsumption_Zone2,2422.765041520579,11531577.848650264,0.5703088746321181
PowerConsumption_Zone3,2563.666798627488,13181018.035880005,0.7041132056210349
