Target,MAE,MSE,R2
PowerConsumption_Zone1,3266.0849158880196,21550017.72785769,0.5782923104405815
PowerConsumption_Zone2,2420.734996180259,11617076.113380833,0.5785295564784545
PowerConsumption_Zone3,2524.6678155487966,12851542.904341856,0.7086111594731883
