Target,MAE,MSE,R2
PowerConsumption_Zone1,3311.191072136669,22067209.592539426,0.5679397062183604
PowerConsumption_Zone2,2425.1116430525567,11541683.000500891,0.5699323351743182
PowerConsumption_Zone3,2563.0352657711674,13174122.98378037,0.7042679853851839
