Target,MAE,MSE,R2
PowerConsumption_Zone1,3264.8390833279286,21623522.29590034,0.5768539152637061
PowerConsumption_Zone2,2427.066817020309,11687058.407393118,0.5759905812485308
PowerConsumption_Zone3,2530.4439484659524,12940582.369418371,0.7065923274401095
