Target,MAE,MSE,R2
PowerConsumption_Zone1,3256.506858577934,21455994.488082383,0.5764896708543495
PowerConsumption_Zone2,2381.8427897408283,11230824.346843343,0.580398934615167
PowerConsumption_Zone3,2515.99928733132,12707939.101578604,0.7155692187731071
